Danny Krzyzanowski,Cohort 216
Obadias Wincom,Cohort 216
Mary Dorward,Cohort 216
Joella Cursey,Cohort 216
Greta Searl,Cohort 216
Christoph Templeton,Cohort 216
Carmine Rowston,Cohort 216
Berk Margrie,Cohort 216
Ernaline Durnan,Cohort 216
Gilbertine Steart,Cohort 216
Meghan Dewsnap,Cohort 216
Galven Dadson,Cohort 216
Chilton Fulk,Cohort 216
Pooh O'Fihily,Cohort 216
Gillie Beams,Cohort 216
Fabiano Callen,Cohort 216
Philbert Sergant,Cohort 216
Neda Netting,Cohort 216
Robinson Skurm,Cohort 216
Burl Rubke,Cohort 216
Fitzgerald Lamartine,Cohort 216
Delainey Beckinsall,Cohort 216
Reyna Mocker,Cohort 216
Chloette Mathy,Cohort 216
Louisa Thirlwell,Cohort 216
Charlie Klimus,Cohort 216
Anetta Greatex,Cohort 216
Bettine Folomin,Cohort 216
Petronella Andover,Cohort 216
Rube Chetwynd,Cohort 216
Katine Hallifax,Cohort 219
Henri Dunn,Cohort 219
Jilli Lempenny,Cohort 219
Lonni Stean,Cohort 219
Myrtle Pumfrett,Cohort 219
Randall Fetterplace,Cohort 219
Jenilee Mowling,Cohort 219
Alric Nekrews,Cohort 219
Steffi Witherup,Cohort 219
Nerissa Camoletto,Cohort 219
Alameda Minter,Cohort 219
Aleece Powis,Cohort 219
Dame Gaymer,Cohort 219
Garold Hutfield,Cohort 219
Archibaldo Billyeald,Cohort 219
Brian Happel,Cohort 219
Shaw Paireman,Cohort 219
Kalila Arons,Cohort 219
Adriano Staton,Cohort 219
Alasteir Izard,Cohort 219
Lynnett Jane,Cohort 219
Ruthi Yurygyn,Cohort 219
Esmeralda Boulding,Cohort 219
Kale Perin,Cohort 219
Alessandro Blayney,Cohort 219
Garvy Bente,Cohort 219
Dulcine Duck,Cohort 219
Ronny Bahia,Cohort 219
Mora Bengle,Cohort 219
Sacha Ranger,Cohort 219
Renato Callam,Cohort 221
Glen Coules,Cohort 221
Emmalyn Riste,Cohort 221
Minette Hembling,Cohort 221
Linell Rowles,Cohort 221
Avie Huckell,Cohort 221
Hillary Surby,Cohort 221
Lynnette Atchly,Cohort 221
Zita Habgood,Cohort 221
Ricca Kerne,Cohort 221
Arie Cirlos,Cohort 221
Murvyn Iacovacci,Cohort 221
Darleen Eliasson,Cohort 221
Geri Airlie,Cohort 221
Tobey Sames,Cohort 221
Carmel Stokell,Cohort 221
Kevin Ech,Cohort 221
Valeda Oppie,Cohort 221
Kaine Fishleigh,Cohort 221
Lorin Tremelling,Cohort 221
Huntington Newport,Cohort 221
Merry Pozer,Cohort 221
Alysa Tadgell,Cohort 221
Taryn Heintzsch,Cohort 221
Margarete Mingo,Cohort 221
Wallache Beasleigh,Cohort 221
Chrotoem Povall,Cohort 221
Karlyn Cluely,Cohort 221
Daune Larway,Cohort 221
Wilmar Blasetti,Cohort 221
Ursulina Sanchez,Cohort 221
Son Klugel,Cohort 221
Vivyanne Clackers,Cohort 221
Camile Walklate,Cohort 221
Skippie Kitley,Cohort 221
Ross Votier,Cohort 221
Billi Mullins,Cohort 221
Veronique Redholes,Cohort 221
Danny Krzyzanowski,Internships
Obadias Wincom,Internships
Mary Dorward,Internships
Joella Cursey,Internships
Greta Searl,Internships
Christoph Templeton,Internships
Carmine Rowston,Internships
Berk Margrie,Internships
Ernaline Durnan,Internships
Gilbertine Steart,Internships
Katine Hallifax,Internships
Henri Dunn,Internships
Jilli Lempenny,Internships
Lonni Stean,Internships
Myrtle Pumfrett,Internships
Randall Fetterplace,Internships
Jenilee Mowling,Internships
Alric Nekrews,Internships
Steffi Witherup,Internships
Nerissa Camoletto,Internships
Daune Larway,Internships
Wilmar Blasetti,Internships
Ursulina Sanchez,Internships
Son Klugel,Internships
Vivyanne Clackers,Internships
Camile Walklate,Internships
Skippie Kitley,Internships
Ross Votier,Internships
Billi Mullins,Internships
Veronique Redholes,Internships